<?xml version="1.0" encoding="UTF-8"?>
<project-private xmlns="http://www.netbeans.org/ns/project-private/1">
    <editor-bookmarks xmlns="http://www.netbeans.org/ns/editor-bookmarks/2" lastBookmarkId="0"/>
    <open-files xmlns="http://www.netbeans.org/ns/projectui-open-files/2">
        <group>
            <file>file:/C:/Users/USUARIO/OneDrive/Documentos/NetBeansProjects/GestorTareasSwing/src/Vistas/DialogoNotas.java</file>
            <file>file:/C:/Users/USUARIO/OneDrive/Documentos/NetBeansProjects/GestorTareasSwing/src/Vistas/WrapLayout.java</file>
            <file>file:/C:/Users/USUARIO/OneDrive/Documentos/NetBeansProjects/GestorTareasSwing/src/Modelo/Tarea.java</file>
            <file>file:/C:/Users/USUARIO/OneDrive/Documentos/NetBeansProjects/GestorTareasSwing/src/Vistas/TarjetaTarea.java</file>
            <file>file:/C:/Users/USUARIO/OneDrive/Documentos/NetBeansProjects/GestorTareasSwing/src/Vistas/Bienvenidos.java</file>
            <file>file:/C:/Users/USUARIO/OneDrive/Documentos/NetBeansProjects/GestorTareasSwing/src/Vistas/AlertaAnimadaPopup.java</file>
            <file>file:/C:/Users/USUARIO/OneDrive/Documentos/NetBeansProjects/GestorTareasSwing/src/Modelo/Prioridad.java</file>
            <file>file:/C:/Users/USUARIO/OneDrive/Documentos/NetBeansProjects/GestorTareasSwing/src/Modelo/GestorTareas.java</file>
            <file>file:/C:/Users/USUARIO/OneDrive/Documentos/NetBeansProjects/GestorTareasSwing/src/Vistas/FondoPanel.java</file>
            <file>file:/C:/Users/USUARIO/OneDrive/Documentos/NetBeansProjects/GestorTareasSwing/src/Vistas/FormularioTareaDialog.java</file>
            <file>file:/C:/Users/USUARIO/OneDrive/Documentos/NetBeansProjects/GestorTareasSwing/src/Vistas/PanelTarjetas.java</file>
            <file>file:/C:/Users/USUARIO/OneDrive/Documentos/NetBeansProjects/GestorTareasSwing/src/Vistas/MainFrame.java</file>
        </group>
    </open-files>
</project-private>
